Max_depth,,2,3,4,5,6,7
Accuracy,0.956140350877193,0.8859649122807017,0.9385964912280702,0.9298245614035088,0.956140350877193,0.9298245614035088,0.956140350877193
